gene name,,raw P values,Adjusted P values,Log fold change
 ENSMUSG00000020953 , Coch ,2.90E-21,3.60E-18,-4.844
 ENSMUSG00000079022 , Col22a1 ,5.07E-56,6.93E-52,-2.991
 ENSMUSG00000026639 , Lamb3 ,4.95E-21,5.21E-18,-2.821
 ENSMUSG00000073643 , Wdfy1 ,1.37E-28,6.26E-25,-2.555
 ENSMUSG00000030516 , Tjp1 ,8.58E-12,1.81E-09,-2.136
 ENSMUSG00000029373 , Pf4 ,7.90E-08,5.20E-06,-2.124
 ENSMUSG00000017737 , Mmp9 ,2.53E-10,3.11E-08,-1.743
 ENSMUSG00000026712 , Mrc1 ,1.56E-20,1.52E-17,-1.722
 ENSMUSG00000002565 , Scin ,1.77E-08,1.39E-06,-1.720
 ENSMUSG00000022479 , Vdr ,1.68E-10,2.30E-08,-1.714
 ENSMUSG00000026874 , Hc ,5.92E-15,2.61E-12,-1.693
 ENSMUSG00000027820 , Mme ,6.26E-12,1.40E-09,-1.669
 ENSMUSG00000074491 , Clec4g ,1.57E-09,1.53E-07,-1.619
 ENSMUSG00000020701 , Tmem132e ,2.28E-21,3.12E-18,-1.503
 ENSMUSG00000026390 , Marco ,9.19E-12,1.88E-09,-1.502
 ENSMUSG00000028100 , Nudt17 ,4.21E-03,3.38E-02,-1.484
 ENSMUSG00000074207 , Adh1 ,1.89E-05,4.82E-04,-1.460
 ENSMUSG00000026121 , Sema4c ,1.36E-07,8.10E-06,-1.451
 ENSMUSG00000002020 , Ltbp2 ,2.08E-16,1.14E-13,-1.438
 ENSMUSG00000060961 , Slc4a4 ,2.05E-11,3.75E-09,-1.436
 ENSMUSG00000029675 , Eln ,1.56E-17,1.12E-14,-1.420
 ENSMUSG00000009356 , Lpo ,1.10E-02,6.72E-02,-1.384
 ENSMUSG00000030159 , Clec1b ,3.01E-09,2.80E-07,-1.363
 ENSMUSG00000055214 , Pld5 ,1.21E-05,3.40E-04,-1.354
 ENSMUSG00000040829 , Zmynd15 ,2.05E-12,5.18E-10,-1.349
 ENSMUSG00000031548 , Sfrp1 ,7.93E-12,1.72E-09,-1.341
 ENSMUSG00000071714 , Csf2rb2 ,1.87E-11,3.46E-09,-1.297
 ENSMUSG00000020592 , Sdc1 ,1.17E-11,2.25E-09,-1.287
 ENSMUSG00000026166 , Ccl20 ,7.03E-08,4.73E-06,-1.275
 ENSMUSG00000027358 , Bmp2 ,2.75E-06,1.02E-04,-1.274
 ENSMUSG00000030795 , Fus ,2.48E-02,1.19E-01,-1.263
 ENSMUSG00000038608 , Dock10 ,2.65E-11,4.47E-09,-1.254
 ENSMUSG00000021732 , Fgf10 ,1.12E-04,2.06E-03,-1.253
 ENSMUSG00000040084 , Bub1b ,6.59E-13,1.80E-10,-1.246
 ENSMUSG00000020661 , Dnmt3a ,7.07E-19,6.29E-16,-1.238
 ENSMUSG00000033257 , Ttll4 ,7.15E-12,1.58E-09,-1.238
 ENSMUSG00000021573 , Tppp ,1.57E-09,1.53E-07,-1.230
 ENSMUSG00000020042 , Btbd11 ,8.86E-14,2.82E-11,-1.224
 ENSMUSG00000024164 , C3 ,8.19E-10,9.18E-08,-1.207
 ENSMUSG00000001986 , Gria3 ,2.39E-11,4.18E-09,-1.197
 ENSMUSG00000022883 , Robo1 ,2.55E-10,3.11E-08,-1.179
 ENSMUSG00000091650 , Apol11a ,2.64E-07,1.47E-05,-1.178
 ENSMUSG00000020593 , Lpin1 ,9.20E-15,3.70E-12,-1.159
 ENSMUSG00000026944 , Abca2 ,2.40E-13,6.85E-11,-1.158
 ENSMUSG00000027716 , Trpc3 ,5.47E-08,3.72E-06,-1.137
 ENSMUSG00000026587 , Astn1 ,1.92E-08,1.47E-06,-1.129
 ENSMUSG00000038894 , Irs2 ,7.30E-10,8.25E-08,-1.129
 ENSMUSG00000067764 , Xlr5c ,1.96E-05,4.95E-04,-1.126
 ENSMUSG00000042284 , Itga1 ,2.25E-11,4.00E-09,-1.111
 ENSMUSG00000022440 , C1qtnf6 ,4.11E-06,1.41E-04,-1.111
 ENSMUSG00000024899 , Papss2 ,7.19E-08,4.82E-06,-1.104
 ENSMUSG00000031266 , Gla ,3.42E-08,2.44E-06,-1.095
 ENSMUSG00000039621 , Prex1 ,5.41E-14,1.80E-11,-1.083
 ENSMUSG00000033149 , Phldb2 ,3.33E-12,8.00E-10,-1.082
 ENSMUSG00000001864 , Aif1l ,8.30E-06,2.48E-04,-1.073
 ENSMUSG00000070000 , Fcho1 ,1.13E-04,2.07E-03,-1.072
 ENSMUSG00000040624 , Plekhg1 ,8.30E-15,3.44E-12,-1.063
 ENSMUSG00000026872 , Zeb2 ,8.86E-09,7.52E-07,-1.056
 ENSMUSG00000050199 , Lgr4 ,5.47E-07,2.64E-05,-1.055
 ENSMUSG00000036907 , C1ql2 ,3.98E-06,1.37E-04,-1.054
 ENSMUSG00000032735 , Ablim3 ,2.49E-11,4.25E-09,-1.052
 ENSMUSG00000060429 , Sntb1 ,5.56E-06,1.81E-04,-1.050
 ENSMUSG00000008318 , Relt ,6.50E-05,1.33E-03,-1.047
 ENSMUSG00000018428 , Akap1 ,2.81E-12,6.99E-10,-1.043
 ENSMUSG00000006522 , Itih3 ,3.14E-02,1.41E-01,-1.043
 ENSMUSG00000039395 , Mreg ,3.97E-05,8.98E-04,-1.040
 ENSMUSG00000070407 , Hs3st3b1 ,1.20E-08,9.94E-07,-1.036
 ENSMUSG00000026768 , Itga8 ,3.90E-02,1.62E-01,-1.035
 ENSMUSG00000027695 , Pld1 ,2.93E-08,2.13E-06,-1.032
 ENSMUSG00000074141 , Il4i1 ,1.73E-06,6.97E-05,-1.029
 ENSMUSG00000015243 , Abca1 ,1.77E-08,1.39E-06,-1.026
 ENSMUSG00000075010 , AW112010 ,2.99E-03,2.61E-02,-1.006
 ENSMUSG00000031196 , F8 ,1.31E-09,1.35E-07,-1.006
 ENSMUSG00000055805 , Fmnl1 ,9.58E-09,8.04E-07,-1.005
 ENSMUSG00000028763 , Hspg2 ,1.41E-05,3.88E-04,-0.991
 ENSMUSG00000001870 , Ltbp1 ,1.44E-16,8.58E-14,-0.984
 ENSMUSG00000030745 , Il21r ,1.09E-03,1.22E-02,-0.980
 ENSMUSG00000021944 , Gata4 ,6.81E-07,3.13E-05,-0.974
 ENSMUSG00000015957 , Wnt11 ,1.45E-05,3.94E-04,-0.971
 ENSMUSG00000032289 , Thsd4 ,1.31E-10,1.87E-08,-0.958
 ENSMUSG00000025332 , Kdm5c ,3.67E-15,1.67E-12,-0.956
 ENSMUSG00000020310 , Madcam1 ,2.88E-07,1.60E-05,-0.952
 ENSMUSG00000027204 , Fbn1 ,1.29E-06,5.37E-05,-0.938
 ENSMUSG00000020826 , Nos2 ,2.17E-08,1.63E-06,-0.937
 ENSMUSG00000027030 , Stk39 ,2.89E-06,1.07E-04,-0.937
 ENSMUSG00000029084 , Cd38 ,1.88E-04,3.13E-03,-0.933
 ENSMUSG00000030691 , Fchsd2 ,1.09E-06,4.69E-05,-0.926
 ENSMUSG00000022464 , Slc38a4 ,3.10E-07,1.68E-05,-0.923
 ENSMUSG00000031144 , Syp ,6.59E-04,8.21E-03,-0.917
 ENSMUSG00000021338 , Lrrc16a ,1.72E-06,6.92E-05,-0.915
 ENSMUSG00000044393 , Dsg2 ,3.67E-09,3.39E-07,-0.912
 ENSMUSG00000036144 , Meox2 ,1.92E-08,1.47E-06,-0.912
 ENSMUSG00000041992 , Rapgef5 ,9.93E-08,6.20E-06,-0.909
 ENSMUSG00000037885 , Stk35 ,1.17E-13,3.63E-11,-0.904
 ENSMUSG00000027276 , Jag1 ,1.12E-11,2.18E-09,-0.904
 ENSMUSG00000039304 , Tnfsf10 ,4.23E-07,2.17E-05,-0.901
 ENSMUSG00000039835 , Nhsl1 ,1.00E-12,2.69E-10,-0.900
 ENSMUSG00000041720 , Pi4ka ,3.87E-10,4.52E-08,-0.898
 ENSMUSG00000032115 , Hyou1 ,1.27E-04,2.27E-03,-0.897
 ENSMUSG00000020422 , Tns3 ,8.61E-08,5.58E-06,-0.889
 ENSMUSG00000035493 , Tgfbi ,6.37E-05,1.31E-03,-0.889
 ENSMUSG00000025153 , Fasn ,6.34E-09,5.52E-07,-0.888
 ENSMUSG00000089901 , Gm8113 ,6.03E-07,2.82E-05,-0.886
 ENSMUSG00000034738 , Nostrin ,9.88E-07,4.32E-05,-0.883
 ENSMUSG00000023328 , Ache ,5.55E-04,7.18E-03,-0.879
 ENSMUSG00000044468 , Fam46c ,8.45E-05,1.64E-03,-0.875
 ENSMUSG00000043391 , 2510009E07Rik ,1.95E-10,2.51E-08,-0.870
 ENSMUSG00000022443 , Myh9 ,7.01E-06,2.16E-04,-0.870
 ENSMUSG00000035078 , Mtmr9 ,1.41E-05,3.88E-04,-0.870
 ENSMUSG00000005672 , Kit ,5.36E-07,2.60E-05,-0.869
 ENSMUSG00000036298 , Slc2a13 ,2.63E-06,9.83E-05,-0.869
 ENSMUSG00000032902 , Slc16a1 ,9.41E-05,1.79E-03,-0.869
 ENSMUSG00000033763 , Mtss1l ,2.61E-06,9.81E-05,-0.864
 ENSMUSG00000027318 , Adam33 ,1.94E-04,3.20E-03,-0.856
 ENSMUSG00000024087 , Cyp1b1 ,8.87E-06,2.62E-04,-0.856
 ENSMUSG00000030737 , Slco2b1 ,2.32E-06,8.91E-05,-0.856
 ENSMUSG00000039005 , Tlr4 ,6.14E-06,1.94E-04,-0.855
 ENSMUSG00000029370 , Rassf6 ,1.79E-03,1.79E-02,-0.855
 ENSMUSG00000039456 , Morc3 ,5.20E-07,2.55E-05,-0.840
 ENSMUSG00000023088 , Abcc1 ,1.67E-09,1.60E-07,-0.835
 ENSMUSG00000061589 , Dot1l ,1.20E-07,7.19E-06,-0.831
 ENSMUSG00000027878 , Notch2 ,2.12E-09,2.02E-07,-0.828
 ENSMUSG00000033308 , Dpyd ,1.51E-05,4.07E-04,-0.828
 ENSMUSG00000033943 , Mga ,1.76E-04,2.96E-03,-0.825
 ENSMUSG00000032812 , Arap1 ,9.44E-11,1.43E-08,-0.824
 ENSMUSG00000004668 , Abca13 ,2.20E-04,3.54E-03,-0.824
 ENSMUSG00000021906 , Oxnad1 ,1.06E-02,6.51E-02,-0.815
 ENSMUSG00000026748 , Plxdc2 ,1.83E-06,7.23E-05,-0.812
 ENSMUSG00000034394 , Lif ,1.16E-06,4.93E-05,-0.811
 ENSMUSG00000039298 , Cdk5rap2 ,4.38E-07,2.23E-05,-0.811
 ENSMUSG00000057596 , Trim30d ,3.05E-05,7.15E-04,-0.806
 ENSMUSG00000020120 , Plek ,3.78E-04,5.42E-03,-0.806
 ENSMUSG00000021703 , Serinc5 ,6.01E-07,2.82E-05,-0.805
 ENSMUSG00000022586 , Ly6i ,3.79E-04,5.43E-03,-0.804
 ENSMUSG00000008193 , Spib ,4.46E-04,6.15E-03,-0.803
 ENSMUSG00000070939 , Tgfbrap1 ,1.20E-04,2.17E-03,-0.803
 ENSMUSG00000031441 , Atp11a ,3.47E-07,1.85E-05,-0.802
 ENSMUSG00000027698 , Nceh1 ,4.56E-08,3.20E-06,-0.800
 ENSMUSG00000025612 , Bach1 ,6.99E-07,3.21E-05,-0.799
 ENSMUSG00000004266 , Ptpn6 ,3.15E-03,2.71E-02,-0.792
 ENSMUSG00000024065 , Ehd3 ,2.13E-03,2.04E-02,-0.788
 ENSMUSG00000096606 , Gm4980 ,7.21E-05,1.44E-03,-0.782
 ENSMUSG00000023830 , Igf2r ,1.23E-05,3.43E-04,-0.781
 ENSMUSG00000038886 , Man2a2 ,3.77E-06,1.32E-04,-0.780
 ENSMUSG00000035459 , Stab2 ,1.70E-11,3.18E-09,-0.779
 ENSMUSG00000079487 , Med12 ,2.16E-04,3.50E-03,-0.777
 ENSMUSG00000037347 , Chst7 ,7.87E-06,2.38E-04,-0.773
 ENSMUSG00000026933 , Camsap1 ,2.82E-06,1.05E-04,-0.765
 ENSMUSG00000032554 , Trf ,3.63E-05,8.29E-04,-0.758
 ENSMUSG00000015133 , Lrrk1 ,3.99E-05,9.00E-04,-0.752
 ENSMUSG00000052384 , Nrros ,1.63E-03,1.67E-02,-0.748
 ENSMUSG00000020770 , Unk ,1.17E-04,2.12E-03,-0.744
 ENSMUSG00000021257 , Angel1 ,4.30E-03,3.43E-02,-0.743
 ENSMUSG00000044674 , Fzd1 ,1.15E-04,2.10E-03,-0.742
 ENSMUSG00000047793 , Sned1 ,2.03E-04,3.31E-03,-0.742
 ENSMUSG00000010175 , Prox1 ,3.60E-06,1.27E-04,-0.742
 ENSMUSG00000079481 , Nhsl2 ,5.12E-04,6.80E-03,-0.740
 ENSMUSG00000038371 , Sbf2 ,1.21E-03,1.32E-02,-0.737
 ENSMUSG00000038178 , Slc43a2 ,1.10E-02,6.69E-02,-0.736
 ENSMUSG00000020914 , Top2a ,6.69E-03,4.74E-02,-0.732
 ENSMUSG00000057367 , Birc2 ,8.73E-04,1.02E-02,-0.731
 ENSMUSG00000032560 , Dnajc13 ,3.03E-07,1.65E-05,-0.731
 ENSMUSG00000025224 , Gbf1 ,1.10E-04,2.05E-03,-0.730
 ENSMUSG00000035941 , Ibtk ,4.69E-05,1.03E-03,-0.726
 ENSMUSG00000026434 , Nucks1 ,6.57E-05,1.34E-03,-0.725
 ENSMUSG00000053080 , 2700081O15Rik ,2.74E-04,4.21E-03,-0.724
 ENSMUSG00000007613 , Tgfbr1 ,1.20E-06,5.07E-05,-0.724
 ENSMUSG00000032000 , Birc3 ,9.83E-06,2.82E-04,-0.722
 ENSMUSG00000035200 , Chrnb4 ,2.69E-03,2.42E-02,-0.720
 ENSMUSG00000034220 , Gpc1 ,5.65E-07,2.70E-05,-0.719
 ENSMUSG00000022148 , Fyb ,3.36E-03,2.85E-02,-0.719
 ENSMUSG00000037169 , Mycn ,1.20E-02,7.17E-02,-0.717
 ENSMUSG00000032332 , Col12a1 ,2.29E-07,1.30E-05,-0.714
 ENSMUSG00000001128 , Cfp ,9.62E-03,6.11E-02,-0.710
 ENSMUSG00000042350 , Arel1 ,7.06E-05,1.42E-03,-0.704
 ENSMUSG00000029287 , Tgfbr3 ,7.28E-06,2.22E-04,-0.703
 ENSMUSG00000062232 , Rapgef2 ,3.87E-08,2.73E-06,-0.699
 ENSMUSG00000033386 , Frrs1 ,1.88E-05,4.79E-04,-0.698
 ENSMUSG00000030930 , Chst15 ,1.99E-04,3.26E-03,-0.696
 ENSMUSG00000028556 , Dock7 ,5.40E-04,7.05E-03,-0.695
 ENSMUSG00000032086 , Bace1 ,6.17E-06,1.94E-04,-0.695
 ENSMUSG00000062960 , Kdr ,9.53E-10,1.03E-07,-0.690
 ENSMUSG00000024665 , Fads2 ,1.90E-03,1.88E-02,-0.689
 ENSMUSG00000033792 , Atp7a ,7.70E-05,1.51E-03,-0.689
 ENSMUSG00000036529 , Sbf1 ,1.56E-03,1.62E-02,-0.688
 ENSMUSG00000020300 , Cpeb4 ,5.67E-07,2.70E-05,-0.687
 ENSMUSG00000053641 , Dennd4a ,1.72E-03,1.73E-02,-0.687
 ENSMUSG00000038521 , C1s1 ,4.22E-05,9.41E-04,-0.687
 ENSMUSG00000033278 , Ptprm ,4.18E-06,1.43E-04,-0.686
 ENSMUSG00000000305 , Cdh4 ,4.01E-03,3.25E-02,-0.685
 ENSMUSG00000102329 , Gm10851 ,6.53E-04,8.17E-03,-0.683
 ENSMUSG00000031216 , Stard8 ,2.71E-03,2.43E-02,-0.682
 ENSMUSG00000051379 , Flrt3 ,5.86E-06,1.87E-04,-0.681
 ENSMUSG00000028339 , Col15a1 ,3.59E-02,1.54E-01,-0.680
 ENSMUSG00000020827 , Mink1 ,1.20E-04,2.17E-03,-0.679
 ENSMUSG00000039115 , Itga9 ,2.77E-08,2.04E-06,-0.678
 ENSMUSG00000079484 , Phyhd1 ,4.30E-03,3.43E-02,-0.678
 ENSMUSG00000029992 , Gfpt1 ,3.19E-04,4.74E-03,-0.675
 ENSMUSG00000034422 , Parp14 ,6.80E-05,1.38E-03,-0.674
 ENSMUSG00000026193 , Fn1 ,1.05E-03,1.19E-02,-0.673
 ENSMUSG00000032572 , Col6a4 ,1.47E-02,8.29E-02,-0.673
 ENSMUSG00000026335 , Pam ,1.37E-03,1.48E-02,-0.668
 ENSMUSG00000023994 , Nfya ,3.95E-04,5.63E-03,-0.667
 ENSMUSG00000051855 , Mest ,1.03E-04,1.93E-03,-0.667
 ENSMUSG00000039286 , Fndc3b ,1.50E-04,2.62E-03,-0.667
 ENSMUSG00000036792 , Mbd5 ,2.70E-04,4.17E-03,-0.666
 ENSMUSG00000067851 , Arfgef1 ,2.23E-05,5.48E-04,-0.665
 ENSMUSG00000026657 , Frmd4a ,2.42E-06,9.22E-05,-0.664
 ENSMUSG00000074151 , Nlrc5 ,1.15E-05,3.24E-04,-0.664
 ENSMUSG00000027962 , Vcam1 ,5.07E-04,6.75E-03,-0.662
 ENSMUSG00000035356 , Nfkbiz ,1.23E-02,7.28E-02,-0.662
 ENSMUSG00000031434 , Morc4 ,3.89E-06,1.36E-04,-0.659
 ENSMUSG00000031129 , Slc9a9 ,3.12E-04,4.67E-03,-0.657
 ENSMUSG00000035273 , Hpse ,1.85E-03,1.84E-02,-0.656
 ENSMUSG00000040690 , Col16a1 ,9.55E-05,1.81E-03,-0.655
 ENSMUSG00000070733 , Fryl ,2.97E-03,2.60E-02,-0.655
 ENSMUSG00000074577 , Fam65c ,3.51E-04,5.13E-03,-0.652
 ENSMUSG00000066232 , Ipo7 ,1.49E-05,4.04E-04,-0.649
 ENSMUSG00000018068 , Ints2 ,5.95E-04,7.60E-03,-0.648
 ENSMUSG00000033209 , Ttc28 ,1.43E-06,5.91E-05,-0.648
 ENSMUSG00000022371 , Col14a1 ,3.29E-03,2.80E-02,-0.647
 ENSMUSG00000022197 , Pdzd2 ,4.08E-04,5.77E-03,-0.647
 ENSMUSG00000054252 , Fgfr3 ,3.20E-03,2.74E-02,-0.645
 ENSMUSG00000032487 , Ptgs2 ,3.57E-03,3.00E-02,-0.643
 ENSMUSG00000071713 , Csf2rb ,2.49E-05,6.02E-04,-0.643
 ENSMUSG00000024483 , Ankhd1 ,5.87E-05,1.23E-03,-0.639
 ENSMUSG00000031877 , Ces2g ,5.33E-05,1.14E-03,-0.639
 ENSMUSG00000009376 , Met ,3.63E-04,5.27E-03,-0.638
 ENSMUSG00000005397 , Nid1 ,3.21E-05,7.46E-04,-0.636
 ENSMUSG00000003226 , Ranbp2 ,1.49E-06,6.13E-05,-0.636
 ENSMUSG00000031886 , Ces2e ,1.53E-03,1.59E-02,-0.636
 ENSMUSG00000001376 , Ccdc132 ,4.95E-06,1.65E-04,-0.634
 ENSMUSG00000036833 , Pnpla7 ,1.11E-02,6.73E-02,-0.634
 ENSMUSG00000033902 , Mapkbp1 ,1.58E-03,1.64E-02,-0.631
 ENSMUSG00000016918 , Sulf1 ,3.71E-03,3.08E-02,-0.631
 ENSMUSG00000018209 , Stk4 ,8.19E-04,9.72E-03,-0.630
 ENSMUSG00000000631 , Myo18a ,4.49E-06,1.51E-04,-0.629
 ENSMUSG00000017493 , Igfbp4 ,1.19E-02,7.13E-02,-0.629
 ENSMUSG00000106847 , Peg13 ,1.06E-03,1.20E-02,-0.627
 ENSMUSG00000054555 , Adam12 ,6.46E-03,4.62E-02,-0.627
 ENSMUSG00000035248 , Zcchc6 ,1.12E-03,1.24E-02,-0.626
 ENSMUSG00000024042 , Sik1 ,3.33E-04,4.89E-03,-0.626
 ENSMUSG00000038518 , Jarid2 ,5.17E-04,6.84E-03,-0.625
 ENSMUSG00000034109 , Golim4 ,5.70E-04,7.33E-03,-0.624
 ENSMUSG00000073489 , Ifi204 ,9.74E-03,6.15E-02,-0.624
 ENSMUSG00000098973 , Mir6236 ,3.21E-02,1.43E-01,-0.624
 ENSMUSG00000009621 , Vav2 ,6.15E-04,7.80E-03,-0.623
 ENSMUSG00000034947 , Tmem106a ,3.90E-03,3.19E-02,-0.623
 ENSMUSG00000030257 , Srgap3 ,2.34E-03,2.19E-02,-0.621
 ENSMUSG00000028465 , Tln1 ,4.92E-05,1.07E-03,-0.621
 ENSMUSG00000010277 , 2610507B11Rik ,1.55E-04,2.68E-03,-0.620
 ENSMUSG00000005973 , Rcn1 ,2.79E-04,4.26E-03,-0.618
 ENSMUSG00000024754 , Tmem2 ,1.23E-03,1.34E-02,-0.617
 ENSMUSG00000029998 , Pcyox1 ,4.14E-05,9.28E-04,-0.616
 ENSMUSG00000029135 , Fosl2 ,5.07E-06,1.68E-04,-0.616
 ENSMUSG00000070639 , Lrrc8b ,5.62E-06,1.82E-04,-0.615
 ENSMUSG00000031010 , Usp9x ,1.43E-03,1.52E-02,-0.611
 ENSMUSG00000034709 , Ppp1r21 ,9.61E-06,2.78E-04,-0.611
 ENSMUSG00000029385 , Ccng2 ,1.67E-04,2.84E-03,-0.608
 ENSMUSG00000021670 , Hmgcr ,3.52E-05,8.05E-04,-0.606
 ENSMUSG00000028991 , Mtor ,6.64E-03,4.71E-02,-0.605
 ENSMUSG00000038058 , Nod1 ,1.92E-03,1.88E-02,-0.605
 ENSMUSG00000024610 , Cd74 ,5.56E-04,7.20E-03,-0.604
 ENSMUSG00000013089 , Etv5 ,1.75E-03,1.75E-02,-0.602
 ENSMUSG00000027288 , Zfp106 ,2.40E-04,3.79E-03,-0.601
 ENSMUSG00000034664 , Itga2b ,4.51E-04,6.19E-03,-0.600
 ENSMUSG00000038250 , Usp38 ,7.35E-04,8.96E-03,-0.599
 ENSMUSG00000032946 , Rasgrp2 ,2.27E-04,3.61E-03,-0.599
 ENSMUSG00000023991 , Foxp4 ,2.36E-05,5.78E-04,-0.597
 ENSMUSG00000022425 , Enpp2 ,1.44E-03,1.52E-02,-0.597
 ENSMUSG00000041685 , Fcho2 ,2.74E-04,4.21E-03,-0.596
 ENSMUSG00000031828 , Klhl36 ,8.96E-06,2.65E-04,-0.596
 ENSMUSG00000054008 , Ndst1 ,6.18E-04,7.83E-03,-0.595
 ENSMUSG00000018909 , Arrb1 ,1.71E-05,4.46E-04,-0.595
 ENSMUSG00000026640 , Plxna2 ,1.71E-03,1.73E-02,-0.594
 ENSMUSG00000051786 , Tubgcp6 ,8.93E-03,5.82E-02,-0.593
 ENSMUSG00000039831 , Arhgap29 ,2.45E-05,5.94E-04,-0.593
 ENSMUSG00000026179 , Pnkd ,1.13E-03,1.26E-02,-0.592
 ENSMUSG00000019951 , Uhrf1bp1l ,1.64E-03,1.68E-02,-0.591
 ENSMUSG00000027425 , Csrp2bp ,4.19E-02,1.69E-01,-0.590
 ENSMUSG00000005871 , Apc ,4.35E-04,6.05E-03,-0.587
 ENSMUSG00000054387 , Mdm4 ,8.99E-04,1.05E-02,-0.587
 ENSMUSG00000023118 , Sympk ,1.74E-03,1.75E-02,-0.585
 ENSMUSG00000036990 , Otud4 ,2.88E-03,2.54E-02,-0.585
 ENSMUSG00000005087 , Cd44 ,9.18E-03,5.92E-02,-0.581
 ENSMUSG00000039607 , Rbms3 ,2.80E-03,2.49E-02,-0.580
 ENSMUSG00000024378 , Stard4 ,7.64E-03,5.20E-02,-0.580
 ENSMUSG00000037791 , Phf12 ,2.93E-02,1.33E-01,-0.579
 ENSMUSG00000004085 , Zak ,1.61E-04,2.75E-03,-0.579
 ENSMUSG00000029119 , Man2b2 ,5.81E-06,1.87E-04,-0.578
 ENSMUSG00000028842 , Ago3 ,1.63E-03,1.68E-02,-0.577
 ENSMUSG00000020303 , Stc2 ,5.52E-03,4.11E-02,-0.577
 ENSMUSG00000024399 , Ltb ,7.75E-04,9.32E-03,-0.574
 ENSMUSG00000050812 , AI314180 ,5.33E-03,4.03E-02,-0.573
 ENSMUSG00000047045 , Tmem164 ,1.48E-05,4.01E-04,-0.572
 ENSMUSG00000021830 , Txndc16 ,1.86E-04,3.10E-03,-0.571
 ENSMUSG00000032193 , Ldlr ,4.21E-04,5.90E-03,-0.571
 ENSMUSG00000040850 , Psme4 ,7.73E-04,9.31E-03,-0.571
 ENSMUSG00000004626 , Stxbp2 ,1.83E-04,3.06E-03,-0.569
 ENSMUSG00000050967 , Creg2 ,3.76E-03,3.10E-02,-0.569
 ENSMUSG00000036339 , Tmem260 ,5.51E-03,4.11E-02,-0.569
 ENSMUSG00000027177 , Hipk3 ,7.19E-03,4.99E-02,-0.568
 ENSMUSG00000042410 , Agps ,1.82E-05,4.68E-04,-0.563
 ENSMUSG00000030787 , Lyve1 ,9.30E-03,5.97E-02,-0.563
 ENSMUSG00000033487 , Fndc3a ,7.29E-06,2.22E-04,-0.560
 ENSMUSG00000039328 , Rnf122 ,7.69E-03,5.23E-02,-0.560
 ENSMUSG00000031209 , Heph ,6.18E-04,7.83E-03,-0.559
 ENSMUSG00000041638 , Gcn1l1 ,5.17E-04,6.85E-03,-0.557
 ENSMUSG00000046862 , Pramef8 ,7.08E-05,1.42E-03,-0.554
 ENSMUSG00000023034 , Nr4a1 ,3.42E-02,1.49E-01,-0.554
 ENSMUSG00000044783 , Hjurp ,1.22E-03,1.33E-02,-0.554
 ENSMUSG00000029787 , Avl9 ,8.78E-03,5.75E-02,-0.554
 ENSMUSG00000025958 , Creb1 ,1.22E-05,3.41E-04,-0.553
 ENSMUSG00000066595 , Mfsd7b ,4.44E-04,6.12E-03,-0.553
 ENSMUSG00000000275 , Trim25 ,7.54E-05,1.49E-03,-0.552
 ENSMUSG00000026674 , Ddr2 ,1.27E-04,2.28E-03,-0.551
 ENSMUSG00000030207 , 8430419L09Rik ,1.72E-02,9.27E-02,-0.551
 ENSMUSG00000020053 , Igf1 ,9.50E-03,6.06E-02,-0.550
 ENSMUSG00000026782 , Abi2 ,2.28E-03,2.15E-02,-0.549
 ENSMUSG00000022146 , Osmr ,2.90E-03,2.55E-02,-0.548
 ENSMUSG00000064289 , Tank ,7.65E-03,5.21E-02,-0.547
 ENSMUSG00000024085 , Man2a1 ,1.86E-02,9.79E-02,-0.547
 ENSMUSG00000029313 , Aff1 ,1.25E-06,5.24E-05,-0.545
 ENSMUSG00000040297 , Suco ,3.78E-05,8.58E-04,-0.544
 ENSMUSG00000035314 , Gdpd5 ,1.51E-06,6.19E-05,-0.543
 ENSMUSG00000030946 , Lhpp ,4.24E-03,3.39E-02,-0.543
 ENSMUSG00000026112 , Coa5 ,1.12E-03,1.25E-02,-0.543
 ENSMUSG00000020021 , Fgd6 ,4.08E-03,3.29E-02,-0.540
 ENSMUSG00000057133 , Chd6 ,1.19E-03,1.31E-02,-0.539
 ENSMUSG00000017548 , Suz12 ,3.19E-04,4.74E-03,-0.538
 ENSMUSG00000029101 , Rgs12 ,5.73E-05,1.21E-03,-0.537
 ENSMUSG00000002222 , Rmnd5a ,4.70E-04,6.40E-03,-0.537
 ENSMUSG00000050912 , Tmem123 ,2.27E-04,3.61E-03,-0.534
 ENSMUSG00000026170 , Cyp27a1 ,1.05E-02,6.48E-02,-0.533
 ENSMUSG00000038545 , Cul7 ,4.91E-04,6.66E-03,-0.532
 ENSMUSG00000000823 , Znf512b ,6.37E-03,4.58E-02,-0.532
 ENSMUSG00000023206 , Il15ra ,9.42E-04,1.09E-02,-0.531
 ENSMUSG00000038564 , Ift172 ,2.54E-04,3.96E-03,-0.531
 ENSMUSG00000020101 , 4632428N05Rik ,2.04E-04,3.33E-03,-0.529
 ENSMUSG00000027351 , Spred1 ,5.34E-04,7.02E-03,-0.529
 ENSMUSG00000032740 , Ccdc88a ,3.39E-04,4.98E-03,-0.529
 ENSMUSG00000036402 , Gng12 ,9.14E-04,1.06E-02,-0.528
 ENSMUSG00000029059 , Fam213b ,2.47E-02,1.19E-01,-0.527
 ENSMUSG00000038866 , Zcchc2 ,9.16E-04,1.06E-02,-0.527
 ENSMUSG00000041936 , Agrn ,3.01E-03,2.62E-02,-0.525
 ENSMUSG00000036356 , Csgalnact1 ,3.26E-06,1.19E-04,-0.525
 ENSMUSG00000069662 , Marcks ,4.87E-03,3.75E-02,-0.525
 ENSMUSG00000027189 , Trim44 ,1.11E-04,2.06E-03,-0.523
 ENSMUSG00000018417 , Myo1b ,1.64E-05,4.33E-04,-0.523
 ENSMUSG00000021340 , Gpld1 ,1.15E-02,6.92E-02,-0.522
 ENSMUSG00000015189 , Casd1 ,8.87E-04,1.04E-02,-0.522
 ENSMUSG00000028980 , H6pd ,1.15E-02,6.92E-02,-0.522
 ENSMUSG00000029647 , Pan3 ,9.12E-05,1.74E-03,-0.521
 ENSMUSG00000040761 , Spen ,4.77E-03,3.69E-02,-0.520
 ENSMUSG00000029407 , Uso1 ,1.44E-03,1.52E-02,-0.520
 ENSMUSG00000014599 , Csf1 ,9.58E-04,1.10E-02,-0.519
 ENSMUSG00000024294 , Mib1 ,7.91E-04,9.46E-03,-0.519
 ENSMUSG00000020841 , Cpd ,1.69E-03,1.72E-02,-0.519
 ENSMUSG00000032220 , Myo1e ,8.46E-03,5.61E-02,-0.519
 ENSMUSG00000079037 , Prnp ,7.29E-03,5.04E-02,-0.519
 ENSMUSG00000022837 , Iqcb1 ,2.19E-04,3.53E-03,-0.517
 ENSMUSG00000020057 , Dram1 ,2.42E-03,2.24E-02,-0.517
 ENSMUSG00000029708 , Gcc1 ,1.22E-02,7.24E-02,-0.516
 ENSMUSG00000034210 , Efcab14 ,2.53E-06,9.54E-05,-0.516
 ENSMUSG00000025085 , Ablim1 ,9.11E-03,5.89E-02,-0.515
 ENSMUSG00000059981 , Taok2 ,1.43E-04,2.53E-03,-0.515
 ENSMUSG00000020486 , Sept4 ,5.47E-04,7.13E-03,-0.515
 ENSMUSG00000045312 , Lhfpl2 ,2.13E-03,2.04E-02,-0.515
 ENSMUSG00000024169 , Ift140 ,1.63E-03,1.68E-02,-0.515
 ENSMUSG00000042446 , Zmym4 ,8.65E-03,5.69E-02,-0.514
 ENSMUSG00000020077 , Srgn ,9.94E-03,6.25E-02,-0.514
 ENSMUSG00000028960 , Ube4b ,2.21E-04,3.54E-03,-0.513
 ENSMUSG00000024163 , Mapk8ip3 ,1.21E-02,7.20E-02,-0.513
 ENSMUSG00000032870 , Smap2 ,5.76E-06,1.86E-04,-0.513
 ENSMUSG00000076435 , Acsf2 ,2.58E-02,1.22E-01,-0.512
 ENSMUSG00000036352 , Ubac1 ,1.30E-02,7.56E-02,-0.512
 ENSMUSG00000037685 , Atp8a1 ,1.32E-02,7.65E-02,-0.512
 ENSMUSG00000031229 , Atrx ,5.82E-05,1.23E-03,-0.511
 ENSMUSG00000034663 , Bmp2k ,1.80E-03,1.79E-02,-0.510
 ENSMUSG00000029202 , Pds5a ,2.18E-03,2.08E-02,-0.510
 ENSMUSG00000026491 , Ahctf1 ,9.26E-04,1.07E-02,-0.509
 ENSMUSG00000052593 , Adam17 ,5.57E-04,7.20E-03,-0.508
 ENSMUSG00000054874 , Pcnxl3 ,2.53E-03,2.31E-02,-0.505
 ENSMUSG00000027750 , Postn ,3.78E-02,1.59E-01,-0.505
 ENSMUSG00000051329 , Nup160 ,5.82E-04,7.45E-03,-0.504
 ENSMUSG00000036330 , Slc18a1 ,1.52E-02,8.52E-02,-0.504
 ENSMUSG00000041303 , Gtf3c3 ,1.83E-02,9.70E-02,-0.504
 ENSMUSG00000063077 , Kif1b ,2.27E-03,2.14E-02,-0.504
 ENSMUSG00000033819 , Ppp1r16a ,1.12E-02,6.80E-02,-0.503
 ENSMUSG00000028830 , AU040320 ,3.96E-06,1.37E-04,-0.503
 ENSMUSG00000024393 , Prrc2a ,1.14E-02,6.88E-02,-0.502
 ENSMUSG00000021806 , Nid2 ,1.15E-03,1.27E-02,-0.500
 ENSMUSG00000004633 , Chn2 ,1.59E-03,1.65E-02,-0.500
