"","gene.name","X","raw.P.values","Adjusted.P.values","Log.fold.change"
"1"," ENSMUSG00000020953 "," Coch ",2.9e-21,3.6e-18,-4.844
"2"," ENSMUSG00000079022 "," Col22a1 ",5.07e-56,6.93e-52,-2.991
"3"," ENSMUSG00000026639 "," Lamb3 ",4.95e-21,5.21e-18,-2.821
"4"," ENSMUSG00000073643 "," Wdfy1 ",1.37e-28,6.26e-25,-2.555
"5"," ENSMUSG00000030516 "," Tjp1 ",8.58e-12,1.81e-09,-2.136
"6"," ENSMUSG00000029373 "," Pf4 ",7.9e-08,5.2e-06,-2.124
"7"," ENSMUSG00000017737 "," Mmp9 ",2.53e-10,3.11e-08,-1.743
"8"," ENSMUSG00000026712 "," Mrc1 ",1.56e-20,1.52e-17,-1.722
"9"," ENSMUSG00000002565 "," Scin ",1.77e-08,1.39e-06,-1.72
"10"," ENSMUSG00000022479 "," Vdr ",1.68e-10,2.3e-08,-1.714
"11"," ENSMUSG00000026874 "," Hc ",5.92e-15,2.61e-12,-1.693
"12"," ENSMUSG00000027820 "," Mme ",6.26e-12,1.4e-09,-1.669
"13"," ENSMUSG00000074491 "," Clec4g ",1.57e-09,1.53e-07,-1.619
"14"," ENSMUSG00000020701 "," Tmem132e ",2.28e-21,3.12e-18,-1.503
"15"," ENSMUSG00000026390 "," Marco ",9.19e-12,1.88e-09,-1.502
"16"," ENSMUSG00000028100 "," Nudt17 ",0.00421,0.0338,-1.484
"17"," ENSMUSG00000074207 "," Adh1 ",1.89e-05,0.000482,-1.46
"18"," ENSMUSG00000026121 "," Sema4c ",1.36e-07,8.1e-06,-1.451
"19"," ENSMUSG00000002020 "," Ltbp2 ",2.08e-16,1.14e-13,-1.438
"20"," ENSMUSG00000060961 "," Slc4a4 ",2.05e-11,3.75e-09,-1.436
"21"," ENSMUSG00000029675 "," Eln ",1.56e-17,1.12e-14,-1.42
"22"," ENSMUSG00000009356 "," Lpo ",0.011,0.0672,-1.384
"23"," ENSMUSG00000030159 "," Clec1b ",3.01e-09,2.8e-07,-1.363
"24"," ENSMUSG00000055214 "," Pld5 ",1.21e-05,0.00034,-1.354
"25"," ENSMUSG00000040829 "," Zmynd15 ",2.05e-12,5.18e-10,-1.349
"26"," ENSMUSG00000031548 "," Sfrp1 ",7.93e-12,1.72e-09,-1.341
"27"," ENSMUSG00000071714 "," Csf2rb2 ",1.87e-11,3.46e-09,-1.297
"28"," ENSMUSG00000020592 "," Sdc1 ",1.17e-11,2.25e-09,-1.287
"29"," ENSMUSG00000026166 "," Ccl20 ",7.03e-08,4.73e-06,-1.275
"30"," ENSMUSG00000027358 "," Bmp2 ",2.75e-06,0.000102,-1.274
"31"," ENSMUSG00000030795 "," Fus ",0.0248,0.119,-1.263
"32"," ENSMUSG00000038608 "," Dock10 ",2.65e-11,4.47e-09,-1.254
"33"," ENSMUSG00000021732 "," Fgf10 ",0.000112,0.00206,-1.253
"34"," ENSMUSG00000040084 "," Bub1b ",6.59e-13,1.8e-10,-1.246
"35"," ENSMUSG00000020661 "," Dnmt3a ",7.07e-19,6.29e-16,-1.238
"36"," ENSMUSG00000033257 "," Ttll4 ",7.15e-12,1.58e-09,-1.238
"37"," ENSMUSG00000021573 "," Tppp ",1.57e-09,1.53e-07,-1.23
"38"," ENSMUSG00000020042 "," Btbd11 ",8.86e-14,2.82e-11,-1.224
"39"," ENSMUSG00000024164 "," C3 ",8.19e-10,9.18e-08,-1.207
"40"," ENSMUSG00000001986 "," Gria3 ",2.39e-11,4.18e-09,-1.197
"41"," ENSMUSG00000022883 "," Robo1 ",2.55e-10,3.11e-08,-1.179
"42"," ENSMUSG00000091650 "," Apol11a ",2.64e-07,1.47e-05,-1.178
"43"," ENSMUSG00000020593 "," Lpin1 ",9.2e-15,3.7e-12,-1.159
"44"," ENSMUSG00000026944 "," Abca2 ",2.4e-13,6.85e-11,-1.158
"45"," ENSMUSG00000027716 "," Trpc3 ",5.47e-08,3.72e-06,-1.137
"46"," ENSMUSG00000026587 "," Astn1 ",1.92e-08,1.47e-06,-1.129
"47"," ENSMUSG00000038894 "," Irs2 ",7.3e-10,8.25e-08,-1.129
"48"," ENSMUSG00000067764 "," Xlr5c ",1.96e-05,0.000495,-1.126
"49"," ENSMUSG00000042284 "," Itga1 ",2.25e-11,4e-09,-1.111
"50"," ENSMUSG00000022440 "," C1qtnf6 ",4.11e-06,0.000141,-1.111
"51"," ENSMUSG00000024899 "," Papss2 ",7.19e-08,4.82e-06,-1.104
"52"," ENSMUSG00000031266 "," Gla ",3.42e-08,2.44e-06,-1.095
"53"," ENSMUSG00000039621 "," Prex1 ",5.41e-14,1.8e-11,-1.083
"54"," ENSMUSG00000033149 "," Phldb2 ",3.33e-12,8e-10,-1.082
"55"," ENSMUSG00000001864 "," Aif1l ",8.3e-06,0.000248,-1.073
"56"," ENSMUSG00000070000 "," Fcho1 ",0.000113,0.00207,-1.072
"57"," ENSMUSG00000040624 "," Plekhg1 ",8.3e-15,3.44e-12,-1.063
"58"," ENSMUSG00000026872 "," Zeb2 ",8.86e-09,7.52e-07,-1.056
"59"," ENSMUSG00000050199 "," Lgr4 ",5.47e-07,2.64e-05,-1.055
"60"," ENSMUSG00000036907 "," C1ql2 ",3.98e-06,0.000137,-1.054
"61"," ENSMUSG00000032735 "," Ablim3 ",2.49e-11,4.25e-09,-1.052
"62"," ENSMUSG00000060429 "," Sntb1 ",5.56e-06,0.000181,-1.05
"63"," ENSMUSG00000008318 "," Relt ",6.5e-05,0.00133,-1.047
"64"," ENSMUSG00000018428 "," Akap1 ",2.81e-12,6.99e-10,-1.043
"65"," ENSMUSG00000006522 "," Itih3 ",0.0314,0.141,-1.043
"66"," ENSMUSG00000039395 "," Mreg ",3.97e-05,0.000898,-1.04
"67"," ENSMUSG00000070407 "," Hs3st3b1 ",1.2e-08,9.94e-07,-1.036
"68"," ENSMUSG00000026768 "," Itga8 ",0.039,0.162,-1.035
"69"," ENSMUSG00000027695 "," Pld1 ",2.93e-08,2.13e-06,-1.032
"70"," ENSMUSG00000074141 "," Il4i1 ",1.73e-06,6.97e-05,-1.029
"71"," ENSMUSG00000015243 "," Abca1 ",1.77e-08,1.39e-06,-1.026
"72"," ENSMUSG00000075010 "," AW112010 ",0.00299,0.0261,-1.006
"73"," ENSMUSG00000031196 "," F8 ",1.31e-09,1.35e-07,-1.006
"74"," ENSMUSG00000055805 "," Fmnl1 ",9.58e-09,8.04e-07,-1.005
"75"," ENSMUSG00000028763 "," Hspg2 ",1.41e-05,0.000388,-0.991
"76"," ENSMUSG00000001870 "," Ltbp1 ",1.44e-16,8.58e-14,-0.984
"77"," ENSMUSG00000030745 "," Il21r ",0.00109,0.0122,-0.98
"78"," ENSMUSG00000021944 "," Gata4 ",6.81e-07,3.13e-05,-0.974
"79"," ENSMUSG00000015957 "," Wnt11 ",1.45e-05,0.000394,-0.971
"80"," ENSMUSG00000032289 "," Thsd4 ",1.31e-10,1.87e-08,-0.958
"81"," ENSMUSG00000025332 "," Kdm5c ",3.67e-15,1.67e-12,-0.956
"82"," ENSMUSG00000020310 "," Madcam1 ",2.88e-07,1.6e-05,-0.952
"83"," ENSMUSG00000027204 "," Fbn1 ",1.29e-06,5.37e-05,-0.938
"84"," ENSMUSG00000020826 "," Nos2 ",2.17e-08,1.63e-06,-0.937
"85"," ENSMUSG00000027030 "," Stk39 ",2.89e-06,0.000107,-0.937
"86"," ENSMUSG00000029084 "," Cd38 ",0.000188,0.00313,-0.933
"87"," ENSMUSG00000030691 "," Fchsd2 ",1.09e-06,4.69e-05,-0.926
"88"," ENSMUSG00000022464 "," Slc38a4 ",3.1e-07,1.68e-05,-0.923
"89"," ENSMUSG00000031144 "," Syp ",0.000659,0.00821,-0.917
"90"," ENSMUSG00000021338 "," Lrrc16a ",1.72e-06,6.92e-05,-0.915
"91"," ENSMUSG00000044393 "," Dsg2 ",3.67e-09,3.39e-07,-0.912
"92"," ENSMUSG00000036144 "," Meox2 ",1.92e-08,1.47e-06,-0.912
"93"," ENSMUSG00000041992 "," Rapgef5 ",9.93e-08,6.2e-06,-0.909
"94"," ENSMUSG00000037885 "," Stk35 ",1.17e-13,3.63e-11,-0.904
"95"," ENSMUSG00000027276 "," Jag1 ",1.12e-11,2.18e-09,-0.904
"96"," ENSMUSG00000039304 "," Tnfsf10 ",4.23e-07,2.17e-05,-0.901
"97"," ENSMUSG00000039835 "," Nhsl1 ",1e-12,2.69e-10,-0.9
"98"," ENSMUSG00000041720 "," Pi4ka ",3.87e-10,4.52e-08,-0.898
"99"," ENSMUSG00000032115 "," Hyou1 ",0.000127,0.00227,-0.897
"100"," ENSMUSG00000020422 "," Tns3 ",8.61e-08,5.58e-06,-0.889
"101"," ENSMUSG00000035493 "," Tgfbi ",6.37e-05,0.00131,-0.889
"102"," ENSMUSG00000025153 "," Fasn ",6.34e-09,5.52e-07,-0.888
"103"," ENSMUSG00000089901 "," Gm8113 ",6.03e-07,2.82e-05,-0.886
"104"," ENSMUSG00000034738 "," Nostrin ",9.88e-07,4.32e-05,-0.883
"105"," ENSMUSG00000023328 "," Ache ",0.000555,0.00718,-0.879
"106"," ENSMUSG00000044468 "," Fam46c ",8.45e-05,0.00164,-0.875
"107"," ENSMUSG00000043391 "," 2510009E07Rik ",1.95e-10,2.51e-08,-0.87
"108"," ENSMUSG00000022443 "," Myh9 ",7.01e-06,0.000216,-0.87
"109"," ENSMUSG00000035078 "," Mtmr9 ",1.41e-05,0.000388,-0.87
"110"," ENSMUSG00000005672 "," Kit ",5.36e-07,2.6e-05,-0.869
"111"," ENSMUSG00000036298 "," Slc2a13 ",2.63e-06,9.83e-05,-0.869
"112"," ENSMUSG00000032902 "," Slc16a1 ",9.41e-05,0.00179,-0.869
"113"," ENSMUSG00000033763 "," Mtss1l ",2.61e-06,9.81e-05,-0.864
"114"," ENSMUSG00000027318 "," Adam33 ",0.000194,0.0032,-0.856
"115"," ENSMUSG00000024087 "," Cyp1b1 ",8.87e-06,0.000262,-0.856
"116"," ENSMUSG00000030737 "," Slco2b1 ",2.32e-06,8.91e-05,-0.856
"117"," ENSMUSG00000039005 "," Tlr4 ",6.14e-06,0.000194,-0.855
"118"," ENSMUSG00000029370 "," Rassf6 ",0.00179,0.0179,-0.855
"119"," ENSMUSG00000039456 "," Morc3 ",5.2e-07,2.55e-05,-0.84
"120"," ENSMUSG00000023088 "," Abcc1 ",1.67e-09,1.6e-07,-0.835
"121"," ENSMUSG00000061589 "," Dot1l ",1.2e-07,7.19e-06,-0.831
"122"," ENSMUSG00000027878 "," Notch2 ",2.12e-09,2.02e-07,-0.828
"123"," ENSMUSG00000033308 "," Dpyd ",1.51e-05,0.000407,-0.828
"124"," ENSMUSG00000033943 "," Mga ",0.000176,0.00296,-0.825
"125"," ENSMUSG00000032812 "," Arap1 ",9.44e-11,1.43e-08,-0.824
"126"," ENSMUSG00000004668 "," Abca13 ",0.00022,0.00354,-0.824
"127"," ENSMUSG00000021906 "," Oxnad1 ",0.0106,0.0651,-0.815
"128"," ENSMUSG00000026748 "," Plxdc2 ",1.83e-06,7.23e-05,-0.812
"129"," ENSMUSG00000034394 "," Lif ",1.16e-06,4.93e-05,-0.811
"130"," ENSMUSG00000039298 "," Cdk5rap2 ",4.38e-07,2.23e-05,-0.811
"131"," ENSMUSG00000057596 "," Trim30d ",3.05e-05,0.000715,-0.806
"132"," ENSMUSG00000020120 "," Plek ",0.000378,0.00542,-0.806
"133"," ENSMUSG00000021703 "," Serinc5 ",6.01e-07,2.82e-05,-0.805
"134"," ENSMUSG00000022586 "," Ly6i ",0.000379,0.00543,-0.804
"135"," ENSMUSG00000008193 "," Spib ",0.000446,0.00615,-0.803
"136"," ENSMUSG00000070939 "," Tgfbrap1 ",0.00012,0.00217,-0.803
"137"," ENSMUSG00000031441 "," Atp11a ",3.47e-07,1.85e-05,-0.802
"138"," ENSMUSG00000027698 "," Nceh1 ",4.56e-08,3.2e-06,-0.8
"139"," ENSMUSG00000025612 "," Bach1 ",6.99e-07,3.21e-05,-0.799
"140"," ENSMUSG00000004266 "," Ptpn6 ",0.00315,0.0271,-0.792
"141"," ENSMUSG00000024065 "," Ehd3 ",0.00213,0.0204,-0.788
"142"," ENSMUSG00000096606 "," Gm4980 ",7.21e-05,0.00144,-0.782
"143"," ENSMUSG00000023830 "," Igf2r ",1.23e-05,0.000343,-0.781
"144"," ENSMUSG00000038886 "," Man2a2 ",3.77e-06,0.000132,-0.78
"145"," ENSMUSG00000035459 "," Stab2 ",1.7e-11,3.18e-09,-0.779
"146"," ENSMUSG00000079487 "," Med12 ",0.000216,0.0035,-0.777
"147"," ENSMUSG00000037347 "," Chst7 ",7.87e-06,0.000238,-0.773
"148"," ENSMUSG00000026933 "," Camsap1 ",2.82e-06,0.000105,-0.765
"149"," ENSMUSG00000032554 "," Trf ",3.63e-05,0.000829,-0.758
"150"," ENSMUSG00000015133 "," Lrrk1 ",3.99e-05,9e-04,-0.752
"151"," ENSMUSG00000052384 "," Nrros ",0.00163,0.0167,-0.748
"152"," ENSMUSG00000020770 "," Unk ",0.000117,0.00212,-0.744
"153"," ENSMUSG00000021257 "," Angel1 ",0.0043,0.0343,-0.743
"154"," ENSMUSG00000044674 "," Fzd1 ",0.000115,0.0021,-0.742
"155"," ENSMUSG00000047793 "," Sned1 ",0.000203,0.00331,-0.742
"156"," ENSMUSG00000010175 "," Prox1 ",3.6e-06,0.000127,-0.742
"157"," ENSMUSG00000079481 "," Nhsl2 ",0.000512,0.0068,-0.74
"158"," ENSMUSG00000038371 "," Sbf2 ",0.00121,0.0132,-0.737
"159"," ENSMUSG00000038178 "," Slc43a2 ",0.011,0.0669,-0.736
"160"," ENSMUSG00000020914 "," Top2a ",0.00669,0.0474,-0.732
"161"," ENSMUSG00000057367 "," Birc2 ",0.000873,0.0102,-0.731
"162"," ENSMUSG00000032560 "," Dnajc13 ",3.03e-07,1.65e-05,-0.731
"163"," ENSMUSG00000025224 "," Gbf1 ",0.00011,0.00205,-0.73
"164"," ENSMUSG00000035941 "," Ibtk ",4.69e-05,0.00103,-0.726
"165"," ENSMUSG00000026434 "," Nucks1 ",6.57e-05,0.00134,-0.725
"166"," ENSMUSG00000053080 "," 2700081O15Rik ",0.000274,0.00421,-0.724
"167"," ENSMUSG00000007613 "," Tgfbr1 ",1.2e-06,5.07e-05,-0.724
"168"," ENSMUSG00000032000 "," Birc3 ",9.83e-06,0.000282,-0.722
"169"," ENSMUSG00000035200 "," Chrnb4 ",0.00269,0.0242,-0.72
"170"," ENSMUSG00000034220 "," Gpc1 ",5.65e-07,2.7e-05,-0.719
"171"," ENSMUSG00000022148 "," Fyb ",0.00336,0.0285,-0.719
"172"," ENSMUSG00000037169 "," Mycn ",0.012,0.0717,-0.717
"173"," ENSMUSG00000032332 "," Col12a1 ",2.29e-07,1.3e-05,-0.714
"174"," ENSMUSG00000001128 "," Cfp ",0.00962,0.0611,-0.71
"175"," ENSMUSG00000042350 "," Arel1 ",7.06e-05,0.00142,-0.704
"176"," ENSMUSG00000029287 "," Tgfbr3 ",7.28e-06,0.000222,-0.703
"177"," ENSMUSG00000062232 "," Rapgef2 ",3.87e-08,2.73e-06,-0.699
"178"," ENSMUSG00000033386 "," Frrs1 ",1.88e-05,0.000479,-0.698
"179"," ENSMUSG00000030930 "," Chst15 ",0.000199,0.00326,-0.696
"180"," ENSMUSG00000028556 "," Dock7 ",0.00054,0.00705,-0.695
"181"," ENSMUSG00000032086 "," Bace1 ",6.17e-06,0.000194,-0.695
"182"," ENSMUSG00000062960 "," Kdr ",9.53e-10,1.03e-07,-0.69
"183"," ENSMUSG00000024665 "," Fads2 ",0.0019,0.0188,-0.689
"184"," ENSMUSG00000033792 "," Atp7a ",7.7e-05,0.00151,-0.689
"185"," ENSMUSG00000036529 "," Sbf1 ",0.00156,0.0162,-0.688
"186"," ENSMUSG00000020300 "," Cpeb4 ",5.67e-07,2.7e-05,-0.687
"187"," ENSMUSG00000053641 "," Dennd4a ",0.00172,0.0173,-0.687
"188"," ENSMUSG00000038521 "," C1s1 ",4.22e-05,0.000941,-0.687
"189"," ENSMUSG00000033278 "," Ptprm ",4.18e-06,0.000143,-0.686
"190"," ENSMUSG00000000305 "," Cdh4 ",0.00401,0.0325,-0.685
"191"," ENSMUSG00000102329 "," Gm10851 ",0.000653,0.00817,-0.683
"192"," ENSMUSG00000031216 "," Stard8 ",0.00271,0.0243,-0.682
"193"," ENSMUSG00000051379 "," Flrt3 ",5.86e-06,0.000187,-0.681
"194"," ENSMUSG00000028339 "," Col15a1 ",0.0359,0.154,-0.68
"195"," ENSMUSG00000020827 "," Mink1 ",0.00012,0.00217,-0.679
"196"," ENSMUSG00000039115 "," Itga9 ",2.77e-08,2.04e-06,-0.678
"197"," ENSMUSG00000079484 "," Phyhd1 ",0.0043,0.0343,-0.678
"198"," ENSMUSG00000029992 "," Gfpt1 ",0.000319,0.00474,-0.675
"199"," ENSMUSG00000034422 "," Parp14 ",6.8e-05,0.00138,-0.674
"200"," ENSMUSG00000026193 "," Fn1 ",0.00105,0.0119,-0.673
"201"," ENSMUSG00000032572 "," Col6a4 ",0.0147,0.0829,-0.673
"202"," ENSMUSG00000026335 "," Pam ",0.00137,0.0148,-0.668
"203"," ENSMUSG00000023994 "," Nfya ",0.000395,0.00563,-0.667
"204"," ENSMUSG00000051855 "," Mest ",0.000103,0.00193,-0.667
"205"," ENSMUSG00000039286 "," Fndc3b ",0.00015,0.00262,-0.667
"206"," ENSMUSG00000036792 "," Mbd5 ",0.00027,0.00417,-0.666
"207"," ENSMUSG00000067851 "," Arfgef1 ",2.23e-05,0.000548,-0.665
"208"," ENSMUSG00000026657 "," Frmd4a ",2.42e-06,9.22e-05,-0.664
"209"," ENSMUSG00000074151 "," Nlrc5 ",1.15e-05,0.000324,-0.664
"210"," ENSMUSG00000027962 "," Vcam1 ",0.000507,0.00675,-0.662
"211"," ENSMUSG00000035356 "," Nfkbiz ",0.0123,0.0728,-0.662
"212"," ENSMUSG00000031434 "," Morc4 ",3.89e-06,0.000136,-0.659
"213"," ENSMUSG00000031129 "," Slc9a9 ",0.000312,0.00467,-0.657
"214"," ENSMUSG00000035273 "," Hpse ",0.00185,0.0184,-0.656
"215"," ENSMUSG00000040690 "," Col16a1 ",9.55e-05,0.00181,-0.655
"216"," ENSMUSG00000070733 "," Fryl ",0.00297,0.026,-0.655
"217"," ENSMUSG00000074577 "," Fam65c ",0.000351,0.00513,-0.652
"218"," ENSMUSG00000066232 "," Ipo7 ",1.49e-05,0.000404,-0.649
"219"," ENSMUSG00000018068 "," Ints2 ",0.000595,0.0076,-0.648
"220"," ENSMUSG00000033209 "," Ttc28 ",1.43e-06,5.91e-05,-0.648
"221"," ENSMUSG00000022371 "," Col14a1 ",0.00329,0.028,-0.647
"222"," ENSMUSG00000022197 "," Pdzd2 ",0.000408,0.00577,-0.647
"223"," ENSMUSG00000054252 "," Fgfr3 ",0.0032,0.0274,-0.645
"224"," ENSMUSG00000032487 "," Ptgs2 ",0.00357,0.03,-0.643
"225"," ENSMUSG00000071713 "," Csf2rb ",2.49e-05,0.000602,-0.643
"226"," ENSMUSG00000024483 "," Ankhd1 ",5.87e-05,0.00123,-0.639
"227"," ENSMUSG00000031877 "," Ces2g ",5.33e-05,0.00114,-0.639
"228"," ENSMUSG00000009376 "," Met ",0.000363,0.00527,-0.638
"229"," ENSMUSG00000005397 "," Nid1 ",3.21e-05,0.000746,-0.636
"230"," ENSMUSG00000003226 "," Ranbp2 ",1.49e-06,6.13e-05,-0.636
"231"," ENSMUSG00000031886 "," Ces2e ",0.00153,0.0159,-0.636
"232"," ENSMUSG00000001376 "," Ccdc132 ",4.95e-06,0.000165,-0.634
"233"," ENSMUSG00000036833 "," Pnpla7 ",0.0111,0.0673,-0.634
"234"," ENSMUSG00000033902 "," Mapkbp1 ",0.00158,0.0164,-0.631
"235"," ENSMUSG00000016918 "," Sulf1 ",0.00371,0.0308,-0.631
"236"," ENSMUSG00000018209 "," Stk4 ",0.000819,0.00972,-0.63
"237"," ENSMUSG00000000631 "," Myo18a ",4.49e-06,0.000151,-0.629
"238"," ENSMUSG00000017493 "," Igfbp4 ",0.0119,0.0713,-0.629
"239"," ENSMUSG00000106847 "," Peg13 ",0.00106,0.012,-0.627
"240"," ENSMUSG00000054555 "," Adam12 ",0.00646,0.0462,-0.627
"241"," ENSMUSG00000035248 "," Zcchc6 ",0.00112,0.0124,-0.626
"242"," ENSMUSG00000024042 "," Sik1 ",0.000333,0.00489,-0.626
"243"," ENSMUSG00000038518 "," Jarid2 ",0.000517,0.00684,-0.625
"244"," ENSMUSG00000034109 "," Golim4 ",0.00057,0.00733,-0.624
"245"," ENSMUSG00000073489 "," Ifi204 ",0.00974,0.0615,-0.624
"246"," ENSMUSG00000098973 "," Mir6236 ",0.0321,0.143,-0.624
"247"," ENSMUSG00000009621 "," Vav2 ",0.000615,0.0078,-0.623
"248"," ENSMUSG00000034947 "," Tmem106a ",0.0039,0.0319,-0.623
"249"," ENSMUSG00000030257 "," Srgap3 ",0.00234,0.0219,-0.621
"250"," ENSMUSG00000028465 "," Tln1 ",4.92e-05,0.00107,-0.621
"251"," ENSMUSG00000010277 "," 2610507B11Rik ",0.000155,0.00268,-0.62
"252"," ENSMUSG00000005973 "," Rcn1 ",0.000279,0.00426,-0.618
"253"," ENSMUSG00000024754 "," Tmem2 ",0.00123,0.0134,-0.617
"254"," ENSMUSG00000029998 "," Pcyox1 ",4.14e-05,0.000928,-0.616
"255"," ENSMUSG00000029135 "," Fosl2 ",5.07e-06,0.000168,-0.616
"256"," ENSMUSG00000070639 "," Lrrc8b ",5.62e-06,0.000182,-0.615
"257"," ENSMUSG00000031010 "," Usp9x ",0.00143,0.0152,-0.611
"258"," ENSMUSG00000034709 "," Ppp1r21 ",9.61e-06,0.000278,-0.611
"259"," ENSMUSG00000029385 "," Ccng2 ",0.000167,0.00284,-0.608
"260"," ENSMUSG00000021670 "," Hmgcr ",3.52e-05,0.000805,-0.606
"261"," ENSMUSG00000028991 "," Mtor ",0.00664,0.0471,-0.605
"262"," ENSMUSG00000038058 "," Nod1 ",0.00192,0.0188,-0.605
"263"," ENSMUSG00000024610 "," Cd74 ",0.000556,0.0072,-0.604
"264"," ENSMUSG00000013089 "," Etv5 ",0.00175,0.0175,-0.602
"265"," ENSMUSG00000027288 "," Zfp106 ",0.00024,0.00379,-0.601
"266"," ENSMUSG00000034664 "," Itga2b ",0.000451,0.00619,-0.6
"267"," ENSMUSG00000038250 "," Usp38 ",0.000735,0.00896,-0.599
"268"," ENSMUSG00000032946 "," Rasgrp2 ",0.000227,0.00361,-0.599
"269"," ENSMUSG00000023991 "," Foxp4 ",2.36e-05,0.000578,-0.597
"270"," ENSMUSG00000022425 "," Enpp2 ",0.00144,0.0152,-0.597
"271"," ENSMUSG00000041685 "," Fcho2 ",0.000274,0.00421,-0.596
"272"," ENSMUSG00000031828 "," Klhl36 ",8.96e-06,0.000265,-0.596
"273"," ENSMUSG00000054008 "," Ndst1 ",0.000618,0.00783,-0.595
"274"," ENSMUSG00000018909 "," Arrb1 ",1.71e-05,0.000446,-0.595
"275"," ENSMUSG00000026640 "," Plxna2 ",0.00171,0.0173,-0.594
"276"," ENSMUSG00000051786 "," Tubgcp6 ",0.00893,0.0582,-0.593
"277"," ENSMUSG00000039831 "," Arhgap29 ",2.45e-05,0.000594,-0.593
"278"," ENSMUSG00000026179 "," Pnkd ",0.00113,0.0126,-0.592
"279"," ENSMUSG00000019951 "," Uhrf1bp1l ",0.00164,0.0168,-0.591
"280"," ENSMUSG00000027425 "," Csrp2bp ",0.0419,0.169,-0.59
"281"," ENSMUSG00000005871 "," Apc ",0.000435,0.00605,-0.587
"282"," ENSMUSG00000054387 "," Mdm4 ",0.000899,0.0105,-0.587
"283"," ENSMUSG00000023118 "," Sympk ",0.00174,0.0175,-0.585
"284"," ENSMUSG00000036990 "," Otud4 ",0.00288,0.0254,-0.585
"285"," ENSMUSG00000005087 "," Cd44 ",0.00918,0.0592,-0.581
"286"," ENSMUSG00000039607 "," Rbms3 ",0.0028,0.0249,-0.58
"287"," ENSMUSG00000024378 "," Stard4 ",0.00764,0.052,-0.58
"288"," ENSMUSG00000037791 "," Phf12 ",0.0293,0.133,-0.579
"289"," ENSMUSG00000004085 "," Zak ",0.000161,0.00275,-0.579
"290"," ENSMUSG00000029119 "," Man2b2 ",5.81e-06,0.000187,-0.578
"291"," ENSMUSG00000028842 "," Ago3 ",0.00163,0.0168,-0.577
"292"," ENSMUSG00000020303 "," Stc2 ",0.00552,0.0411,-0.577
"293"," ENSMUSG00000024399 "," Ltb ",0.000775,0.00932,-0.574
"294"," ENSMUSG00000050812 "," AI314180 ",0.00533,0.0403,-0.573
"295"," ENSMUSG00000047045 "," Tmem164 ",1.48e-05,0.000401,-0.572
"296"," ENSMUSG00000021830 "," Txndc16 ",0.000186,0.0031,-0.571
"297"," ENSMUSG00000032193 "," Ldlr ",0.000421,0.0059,-0.571
"298"," ENSMUSG00000040850 "," Psme4 ",0.000773,0.00931,-0.571
"299"," ENSMUSG00000004626 "," Stxbp2 ",0.000183,0.00306,-0.569
"300"," ENSMUSG00000050967 "," Creg2 ",0.00376,0.031,-0.569
"301"," ENSMUSG00000036339 "," Tmem260 ",0.00551,0.0411,-0.569
"302"," ENSMUSG00000027177 "," Hipk3 ",0.00719,0.0499,-0.568
"303"," ENSMUSG00000042410 "," Agps ",1.82e-05,0.000468,-0.563
"304"," ENSMUSG00000030787 "," Lyve1 ",0.0093,0.0597,-0.563
"305"," ENSMUSG00000033487 "," Fndc3a ",7.29e-06,0.000222,-0.56
"306"," ENSMUSG00000039328 "," Rnf122 ",0.00769,0.0523,-0.56
"307"," ENSMUSG00000031209 "," Heph ",0.000618,0.00783,-0.559
"308"," ENSMUSG00000041638 "," Gcn1l1 ",0.000517,0.00685,-0.557
"309"," ENSMUSG00000046862 "," Pramef8 ",7.08e-05,0.00142,-0.554
"310"," ENSMUSG00000023034 "," Nr4a1 ",0.0342,0.149,-0.554
"311"," ENSMUSG00000044783 "," Hjurp ",0.00122,0.0133,-0.554
"312"," ENSMUSG00000029787 "," Avl9 ",0.00878,0.0575,-0.554
"313"," ENSMUSG00000025958 "," Creb1 ",1.22e-05,0.000341,-0.553
"314"," ENSMUSG00000066595 "," Mfsd7b ",0.000444,0.00612,-0.553
"315"," ENSMUSG00000000275 "," Trim25 ",7.54e-05,0.00149,-0.552
"316"," ENSMUSG00000026674 "," Ddr2 ",0.000127,0.00228,-0.551
"317"," ENSMUSG00000030207 "," 8430419L09Rik ",0.0172,0.0927,-0.551
"318"," ENSMUSG00000020053 "," Igf1 ",0.0095,0.0606,-0.55
"319"," ENSMUSG00000026782 "," Abi2 ",0.00228,0.0215,-0.549
"320"," ENSMUSG00000022146 "," Osmr ",0.0029,0.0255,-0.548
"321"," ENSMUSG00000064289 "," Tank ",0.00765,0.0521,-0.547
"322"," ENSMUSG00000024085 "," Man2a1 ",0.0186,0.0979,-0.547
"323"," ENSMUSG00000029313 "," Aff1 ",1.25e-06,5.24e-05,-0.545
"324"," ENSMUSG00000040297 "," Suco ",3.78e-05,0.000858,-0.544
"325"," ENSMUSG00000035314 "," Gdpd5 ",1.51e-06,6.19e-05,-0.543
"326"," ENSMUSG00000030946 "," Lhpp ",0.00424,0.0339,-0.543
"327"," ENSMUSG00000026112 "," Coa5 ",0.00112,0.0125,-0.543
"328"," ENSMUSG00000020021 "," Fgd6 ",0.00408,0.0329,-0.54
"329"," ENSMUSG00000057133 "," Chd6 ",0.00119,0.0131,-0.539
"330"," ENSMUSG00000017548 "," Suz12 ",0.000319,0.00474,-0.538
"331"," ENSMUSG00000029101 "," Rgs12 ",5.73e-05,0.00121,-0.537
"332"," ENSMUSG00000002222 "," Rmnd5a ",0.00047,0.0064,-0.537
"333"," ENSMUSG00000050912 "," Tmem123 ",0.000227,0.00361,-0.534
"334"," ENSMUSG00000026170 "," Cyp27a1 ",0.0105,0.0648,-0.533
"335"," ENSMUSG00000038545 "," Cul7 ",0.000491,0.00666,-0.532
"336"," ENSMUSG00000000823 "," Znf512b ",0.00637,0.0458,-0.532
"337"," ENSMUSG00000023206 "," Il15ra ",0.000942,0.0109,-0.531
"338"," ENSMUSG00000038564 "," Ift172 ",0.000254,0.00396,-0.531
"339"," ENSMUSG00000020101 "," 4632428N05Rik ",0.000204,0.00333,-0.529
"340"," ENSMUSG00000027351 "," Spred1 ",0.000534,0.00702,-0.529
"341"," ENSMUSG00000032740 "," Ccdc88a ",0.000339,0.00498,-0.529
"342"," ENSMUSG00000036402 "," Gng12 ",0.000914,0.0106,-0.528
"343"," ENSMUSG00000029059 "," Fam213b ",0.0247,0.119,-0.527
"344"," ENSMUSG00000038866 "," Zcchc2 ",0.000916,0.0106,-0.527
"345"," ENSMUSG00000041936 "," Agrn ",0.00301,0.0262,-0.525
"346"," ENSMUSG00000036356 "," Csgalnact1 ",3.26e-06,0.000119,-0.525
"347"," ENSMUSG00000069662 "," Marcks ",0.00487,0.0375,-0.525
"348"," ENSMUSG00000027189 "," Trim44 ",0.000111,0.00206,-0.523
"349"," ENSMUSG00000018417 "," Myo1b ",1.64e-05,0.000433,-0.523
"350"," ENSMUSG00000021340 "," Gpld1 ",0.0115,0.0692,-0.522
"351"," ENSMUSG00000015189 "," Casd1 ",0.000887,0.0104,-0.522
"352"," ENSMUSG00000028980 "," H6pd ",0.0115,0.0692,-0.522
"353"," ENSMUSG00000029647 "," Pan3 ",9.12e-05,0.00174,-0.521
"354"," ENSMUSG00000040761 "," Spen ",0.00477,0.0369,-0.52
"355"," ENSMUSG00000029407 "," Uso1 ",0.00144,0.0152,-0.52
"356"," ENSMUSG00000014599 "," Csf1 ",0.000958,0.011,-0.519
"357"," ENSMUSG00000024294 "," Mib1 ",0.000791,0.00946,-0.519
"358"," ENSMUSG00000020841 "," Cpd ",0.00169,0.0172,-0.519
"359"," ENSMUSG00000032220 "," Myo1e ",0.00846,0.0561,-0.519
"360"," ENSMUSG00000079037 "," Prnp ",0.00729,0.0504,-0.519
"361"," ENSMUSG00000022837 "," Iqcb1 ",0.000219,0.00353,-0.517
"362"," ENSMUSG00000020057 "," Dram1 ",0.00242,0.0224,-0.517
"363"," ENSMUSG00000029708 "," Gcc1 ",0.0122,0.0724,-0.516
"364"," ENSMUSG00000034210 "," Efcab14 ",2.53e-06,9.54e-05,-0.516
"365"," ENSMUSG00000025085 "," Ablim1 ",0.00911,0.0589,-0.515
"366"," ENSMUSG00000059981 "," Taok2 ",0.000143,0.00253,-0.515
"367"," ENSMUSG00000020486 "," Sept4 ",0.000547,0.00713,-0.515
"368"," ENSMUSG00000045312 "," Lhfpl2 ",0.00213,0.0204,-0.515
"369"," ENSMUSG00000024169 "," Ift140 ",0.00163,0.0168,-0.515
"370"," ENSMUSG00000042446 "," Zmym4 ",0.00865,0.0569,-0.514
"371"," ENSMUSG00000020077 "," Srgn ",0.00994,0.0625,-0.514
"372"," ENSMUSG00000028960 "," Ube4b ",0.000221,0.00354,-0.513
"373"," ENSMUSG00000024163 "," Mapk8ip3 ",0.0121,0.072,-0.513
"374"," ENSMUSG00000032870 "," Smap2 ",5.76e-06,0.000186,-0.513
"375"," ENSMUSG00000076435 "," Acsf2 ",0.0258,0.122,-0.512
"376"," ENSMUSG00000036352 "," Ubac1 ",0.013,0.0756,-0.512
"377"," ENSMUSG00000037685 "," Atp8a1 ",0.0132,0.0765,-0.512
"378"," ENSMUSG00000031229 "," Atrx ",5.82e-05,0.00123,-0.511
"379"," ENSMUSG00000034663 "," Bmp2k ",0.0018,0.0179,-0.51
"380"," ENSMUSG00000029202 "," Pds5a ",0.00218,0.0208,-0.51
"381"," ENSMUSG00000026491 "," Ahctf1 ",0.000926,0.0107,-0.509
"382"," ENSMUSG00000052593 "," Adam17 ",0.000557,0.0072,-0.508
"383"," ENSMUSG00000054874 "," Pcnxl3 ",0.00253,0.0231,-0.505
"384"," ENSMUSG00000027750 "," Postn ",0.0378,0.159,-0.505
"385"," ENSMUSG00000051329 "," Nup160 ",0.000582,0.00745,-0.504
"386"," ENSMUSG00000036330 "," Slc18a1 ",0.0152,0.0852,-0.504
"387"," ENSMUSG00000041303 "," Gtf3c3 ",0.0183,0.097,-0.504
"388"," ENSMUSG00000063077 "," Kif1b ",0.00227,0.0214,-0.504
"389"," ENSMUSG00000033819 "," Ppp1r16a ",0.0112,0.068,-0.503
"390"," ENSMUSG00000028830 "," AU040320 ",3.96e-06,0.000137,-0.503
"391"," ENSMUSG00000024393 "," Prrc2a ",0.0114,0.0688,-0.502
"392"," ENSMUSG00000021806 "," Nid2 ",0.00115,0.0127,-0.5
"393"," ENSMUSG00000004633 "," Chn2 ",0.00159,0.0165,-0.5
